{
  "Name": "{tags[aws:cloudformation:stack-name]}: Continuous",
  "ReleaseLabel": "emr-5.21.0",
  "LogUri": "s3://{event[Bucket]}/{event[Path]}logs/continuous_{date}",
  "JobFlowRole": "EMR_EC2_DefaultRole",
  "ServiceRole": "EMR_DefaultRole",
  "VisibleToAllUsers": true,
  "EbsRootVolumeSize": 30,
  "Instances": {
    "InstanceGroups": [
      {
        "Name": "Master",
        "Market": "ON_DEMAND",
        "InstanceRole": "MASTER",
        "InstanceType": "m5.xlarge",
        "InstanceCount": 1,
        "Configurations": []
      }
    ],
    "KeepJobFlowAliveWhenNoSteps": true,
    "EmrManagedMasterSecurityGroup": "sg-0be5a45e727feeaad",
    "EmrManagedSlaveSecurityGroup": "sg-00894327bc2c389ec"
  },
  "Applications": [
    {
      "Name": "Hadoop"
    },
    {
      "Name": "Hive"
    },
    {
      "Name": "Hue"
    },
    {
      "Name": "Spark"
    },
    {
      "Name": "Ganglia"
    }
  ],
  "Steps": [
    {
      "Name": "Entrada-i Installer",
      "ActionOnFailure": "CANCEL_AND_WAIT",
      "HadoopJarStep": {
        "Jar": "s3://eu-west-1.elasticmapreduce/libs/script-runner/script-runner.jar",
        "Args": ["s3://{event[Bucket]}/{event[Path]}steps/entrada-i-installer.sh", "s3://{event[Bucket]}/{event[Path]}config.sh"]
      }
    }
  ],
  "Tags": [
    {
      "Key": "belongsTo",
      "Value": "{tags[aws:cloudformation:stack-id]}"
    },
    {
      "Key": "createdBy",
      "Value": "{functionName}"
    }
  ]
}
