{
  "Name": "Staging-to-DWH-Migrator",
  "ReleaseLabel": "emr-5.23.0",
  "LogUri": "s3://{event[Bucket]}/{event[Path]}logs/staging-to-dwh_{date}",
  "JobFlowRole": "EMR_EC2_DefaultRole",
  "ServiceRole": "EMR_DefaultRole",
  "VisibleToAllUsers": true,
  "EbsRootVolumeSize": 30,
  "Instances": {
    "InstanceGroups": [
      {
        "Name": "Master",
        "Market": "ON_DEMAND",
        "InstanceRole": "MASTER",
        "InstanceType": "m5.xlarge",
        "InstanceCount": 1,
        "Configurations": []
      }
    ],
    "KeepJobFlowAliveWhenNoSteps": false,
    "EmrManagedMasterSecurityGroup": "{env[MasterSecurityGroup]}",
    "EmrManagedSlaveSecurityGroup": "{env[SlaveSecurityGroup]}"
  },
  "Applications": [
    {
      "Name": "Hadoop"
    },
    {
      "Name": "Hive"
    }
  ],
  "Configurations": [
    {
      "Classification": "hive-site",
      "Properties": {
        "hive.metastore.client.factory.class": "com.amazonaws.glue.catalog.metastore.AWSGlueDataCatalogHiveClientFactory"
      }
    }
  ],
  "Steps": [
    {
      "Name": "Data migration",
      "ActionOnFailure": "CANCEL_AND_WAIT",
      "HadoopJarStep": {
        "Jar": "s3://eu-west-1.elasticmapreduce/libs/script-runner/script-runner.jar",
        "Args": ["s3://{event[Bucket]}/{event[Path]}steps/staging_to_dwh.sh", "s3://{event[Bucket]}/staging", "s3://{event[Bucket]}/queries"]
      }
    }
  ],
  "Tags": [
    {
      "Key": "aws:cloudformation:stack-name",
      "Value": "{event[StackName]}"
    }
  ]
}
